Sl no,Name,Ticket Date
1,Hartley Cariss,5/8/2025
2,Van Braidford,6/9/2025
3,Orran Sherred,7/28/2025
4,Ripley Hanvey,6/8/2025
5,Hieronymus Racine,6/25/2025
6,Alfie Tchaikovsky,8/3/2025
7,Rebekah Tice,8/2/2025
8,Niko De Lacey,5/7/2025
9,Clementius Sprankling,5/12/2025
10,Harley Checchi,8/4/2025
11,Cheri Christescu,5/1/2025
12,Daffy Salvati,5/6/2025
13,Lodovico Segar,7/31/2025
14,Yoshi Lempertz,7/9/2025
15,Georgianna Robardet,6/14/2025
16,Shelley Merigon,5/28/2025
17,Verne Simoes,5/3/2025
18,Anton Matfield,6/22/2025
19,Glenn Souttar,5/13/2025
20,Charlotta Sea,5/13/2025
21,Zorina Petriello,5/3/2025
22,Kory Huey,7/26/2025
23,Janenna Peacock,5/4/2025
24,Ernaline Robardet,5/19/2025
25,Gilligan Graver,7/22/2025
26,Amby Haddleston,7/24/2025
27,Foss Levin,7/15/2025
28,Matthieu McCaffrey,7/30/2025
29,Ambur Dumphry,6/27/2025
30,Allyce Brecon,5/6/2025
31,Janella Vian,8/1/2025
32,Sarene McGlaughn,5/26/2025
33,Nicol Remirez,6/7/2025
34,Elnora Paton,5/14/2025
35,Noelle Moynihan,7/25/2025
36,Ade Arblaster,7/24/2025
37,Vasily Sauvain,7/4/2025
38,Janice Thornborrow,5/7/2025
39,Menard Britian,7/24/2025
40,Caitlin Gemmell,6/4/2025
41,Angelica Luc,6/16/2025
42,Genevra Maus,5/7/2025
43,Electra Quilligan,7/1/2025
44,Constantine Varsey,7/17/2025
45,Dane O'Roan,7/27/2025
46,Hurley Marchi,5/25/2025
47,Rhonda O'Lahy,5/31/2025
48,Patton Batchelar,7/30/2025
49,Winonah Trask,8/3/2025
50,Marquita Causbey,5/10/2025
51,Fayth Wilcockes,8/4/2025
52,Marni Bramley,6/8/2025
53,Olav Mouland,5/12/2025
54,Lucina Goodayle,5/12/2025
55,Fair Titmuss,5/6/2025
56,Nadean Crewe,5/12/2025
57,Bendicty Wakeford,7/19/2025
58,Susannah Patroni,6/28/2025
59,Shela Adamthwaite,7/9/2025
60,Ferguson Tellenbroker,6/26/2025
61,Leanora Fripps,5/25/2025
62,Drona Bowness,6/28/2025
63,Tremaine Sydall,8/4/2025
64,Gram East,7/17/2025
65,Aeriell Bernardo,6/16/2025
66,Joelly Strick,8/4/2025
67,Ber Duckhouse,5/1/2025
68,Cammi Stranio,5/27/2025
69,Loralie Cardis,6/25/2025
70,Jeni Whatman,6/28/2025
71,Hagan Hearnden,6/16/2025
72,Onfre Pollen,6/28/2025
73,Padget Tisun,6/15/2025
74,Jillayne Swate,7/18/2025
75,Tilly Dearle,5/27/2025
76,Mace Enrich,6/15/2025
77,Murdock Duffrie,5/1/2025
78,Arron Crawley,6/24/2025
79,Ellyn Marzellano,7/31/2025
80,Neill Rahl,5/6/2025
81,Gayleen Pales,5/17/2025
82,Teressa Cardno,6/10/2025
83,Sonya Latter,6/7/2025
84,Cecile Selvey,6/28/2025
85,Dew Urwen,5/26/2025
86,Valma Spurge,5/11/2025
87,Westleigh Dabbes,6/28/2025
88,Nanete Byway,5/17/2025
89,Mada Clausewitz,5/23/2025
90,Alia Garr,5/14/2025
91,Ailbert Larciere,6/22/2025
92,Galvan Casewell,7/9/2025
93,Travers Grzegorecki,8/3/2025
94,Gretna Bewick,7/21/2025
95,Gabriellia Janjusevic,5/20/2025
96,Karlene Nisard,6/29/2025
97,Romeo Rumbellow,7/23/2025
98,Corly Claiton,6/6/2025
99,Fairleigh Gildersleeve,5/26/2025
100,Rasla Sollom,6/30/2025
101,Siffre Smooth,8/4/2025
102,Lucius Terram,7/23/2025
103,Selinda Patriche,7/4/2025
104,Angelico Field,6/27/2025
105,Celestyna Edgson,7/14/2025
106,Lidia Klauer,6/20/2025
107,Kylie Pardy,7/20/2025
108,Kennett Frankton,5/27/2025
109,Crysta Mayward,6/25/2025
110,Basia Stannering,7/20/2025
111,Jehu Atlay,5/30/2025
112,Edna Renahan,6/4/2025
113,Nate Felton,6/9/2025
114,Kania Reinhard,6/8/2025
115,Sasha Ivanonko,5/27/2025
116,Maegan Veck,6/4/2025
117,Kelwin Huckle,6/18/2025
118,Dell Moreno,8/4/2025
119,Sheelagh Mogra,6/27/2025
120,Rufus Ickeringill,6/18/2025
121,Lydon Espinel,6/26/2025
122,Laureen Raoult,7/18/2025
123,Brigham Bausmann,5/24/2025
124,Allene Blumson,8/1/2025
125,Eugenio Gater,5/11/2025
126,Lorenzo Mitchel,7/17/2025
127,Zak Buzine,8/1/2025
128,Josselyn Batchellor,5/29/2025
129,Carlye Rout,5/31/2025
130,Deane McKim,6/17/2025
131,Thomasina Brounfield,7/6/2025
132,Adelle Aleksandrikin,5/19/2025
133,Michaella Allix,7/2/2025
134,Nilson Roussel,5/2/2025
135,Tricia Indge,5/31/2025
136,Lydia Spadaro,7/3/2025
137,Clayborn Sabathe,5/16/2025
138,Tyrone Lyness,6/1/2025
139,Kariotta MacDermand,7/6/2025
140,Bennie Tuffs,6/27/2025
141,Romonda Gooden,6/8/2025
142,Nona Holworth,7/28/2025
143,Hannah Hagwood,6/8/2025
144,Timofei Gethen,7/18/2025
145,Abby Jaycock,5/18/2025
146,Roarke Ruddock,7/20/2025
147,Henderson Chipman,6/18/2025
148,Gillan Lackney,7/19/2025
149,Evangelin Dackombe,7/14/2025
150,Tally Olanda,6/29/2025
151,Anni Crabtree,6/23/2025
152,Rosella Berrill,7/16/2025
153,Daisi Hendrichs,6/10/2025
154,Daisy Alam,5/28/2025
155,Jacob Lingley,5/18/2025
156,Pattie Messum,8/3/2025
157,Ynes Aimer,6/10/2025
158,Sarge Senussi,6/27/2025
159,Chaim Wyburn,7/16/2025
160,Raye Cumberledge,7/20/2025
161,Jacki Nodin,7/15/2025
162,Cassie Babbe,5/29/2025
163,Flint Lorans,7/17/2025
164,Lyndy Davitashvili,6/30/2025
165,Rogerio Wandless,5/12/2025
166,Bartholemy Szymanek,6/4/2025
167,Dena Curton,6/22/2025
168,Boy Assinder,6/5/2025
169,Ciro Kilban,6/26/2025
170,Dorolisa Boskell,6/16/2025
171,Kelcie Dutton,5/6/2025
172,Jemima Grima,6/6/2025
173,Aidan Cornford,5/8/2025
174,Kailey Pococke,7/18/2025
175,Sheeree Gerretsen,5/31/2025
176,Saundra Selborne,6/28/2025
177,Manfred Ungaretti,7/23/2025
178,Ronda Beminster,7/20/2025
179,Martita Raddin,7/17/2025
180,Normand Cajkler,8/4/2025
181,Garvin Comazzo,5/5/2025
182,Lettie Stoven,6/12/2025
183,Fania Knoles,7/13/2025
184,Madelena Rupel,5/4/2025
185,Camella MacVaugh,6/6/2025
186,Ursula Darco,7/10/2025
187,Noby Abbet,5/26/2025
188,Camellia Radsdale,5/4/2025
189,Dorry Keningley,6/27/2025
190,Abby Rutley,7/23/2025
191,Trina Blucher,7/2/2025
192,Galvan Dahlback,5/12/2025
193,Foster Gini,5/29/2025
194,Skyler Bickley,6/15/2025
195,Sibylla Baumann,5/24/2025
196,George Pender,5/29/2025
197,Courtenay Poure,6/27/2025
198,Phylys Gallaway,5/30/2025
199,Celestia Heighway,5/3/2025
200,Quinn Itzig,7/12/2025
201,Shelley Hebbs,5/4/2025
202,Cletus Gosker,6/3/2025
203,Victor Rockliffe,5/12/2025
204,Kermie Bwye,7/7/2025
205,Tait Sykora,5/15/2025
206,Darsey Goodenough,7/6/2025
207,Sonnie Andriulis,6/8/2025
208,Evangelina Ramsbottom,5/9/2025
209,Laura Fishbourn,5/27/2025
210,Giselbert Pleavin,7/6/2025
211,Jeri Muzzini,5/19/2025
212,Lothario Zukerman,6/21/2025
213,Aldridge Bounds,7/27/2025
214,Saleem Swadlin,6/4/2025
215,Rubie Davioud,7/5/2025
216,Anderson O'Shiel,6/13/2025
217,Zorine Birtonshaw,7/31/2025
218,Karlen Heitz,7/14/2025
219,Aubrette Asmus,5/27/2025
220,Melania Cryer,7/12/2025
221,Balduin Dumbreck,6/16/2025
222,Ragnar Crinion,7/25/2025
223,Camille Chapling,5/18/2025
224,Darell Glowacha,5/6/2025
225,Woodrow Callander,6/3/2025
226,Jessi Greder,8/1/2025
227,Imogen Woolacott,5/22/2025
228,Malachi Risebarer,5/16/2025
229,Sigfrid Strangeway,6/9/2025
230,Maggy Marskell,5/28/2025
231,Heather Swyndley,8/3/2025
232,Spence Dominey,7/6/2025
233,Gina Assender,6/30/2025
234,Kesley Singleton,7/2/2025
235,Iggy Bridgnell,6/8/2025
236,Mikol Jansens,6/23/2025
237,Creigh Bernardez,6/5/2025
238,Mitch Bottinelli,6/25/2025
239,Clotilda Dafter,7/21/2025
240,Inness Syder,7/22/2025
241,Kathe Blackney,6/30/2025
242,Pate Sherwell,7/24/2025
243,Horatia Ducker,7/21/2025
244,Dael Greated,6/29/2025
245,Bran Marnane,6/27/2025
246,Roldan Quilliam,6/3/2025
247,Roselle Skeete,7/24/2025
248,Jerad Fallawe,5/10/2025
249,Zebulen Giovannini,6/28/2025
250,Cort Zuann,6/4/2025
251,Joyann Kippie,5/29/2025
252,Loren Day,5/27/2025
253,Maryanna Dufaire,5/20/2025
254,Gale Sweeny,5/12/2025
255,Chelsie Marjanovic,5/21/2025
256,Minny Stukings,5/25/2025
257,Kathi Colgrave,7/8/2025
258,Caritta Ragate,5/29/2025
259,Scarface Gartland,6/17/2025
260,Valeria Ewers,7/16/2025
261,Ainslee Goggan,6/25/2025
262,Jack Cordon,7/2/2025
263,Giuditta Cancellario,7/7/2025
264,Leoine Tother,5/25/2025
265,Kellia Chopping,5/22/2025
266,Merrie Farbrace,5/1/2025
267,Conroy Ferrierio,5/17/2025
268,Klaus Tuiller,6/2/2025
269,Cassondra Yurenev,7/20/2025
270,Valentino Sollett,6/7/2025
271,Christabel Cowins,7/28/2025
272,Aluino Antunes,6/10/2025
273,Gallagher Haggith,5/26/2025
274,Roxine Scneider,5/2/2025
275,Oates Ciccottini,7/1/2025
276,Alfredo Giorgielli,7/9/2025
277,Davine Pettit,7/7/2025
278,Marguerite Carrabott,6/26/2025
279,Yolane Cornfoot,5/13/2025
280,Corri Tuffield,7/2/2025
281,Loreen Paddefield,6/2/2025
282,Jewell Ferroli,5/23/2025
283,Elden Hetterich,5/27/2025
284,Marji Paliser,5/12/2025
285,Hube Imlach,6/29/2025
286,Barr Jeremiah,7/13/2025
287,Bondie Sarle,7/25/2025
288,Emanuele Realph,6/30/2025
289,Rodi Bielby,7/1/2025
290,Constanta Boatwright,7/8/2025
291,Grantham Marlowe,5/17/2025
292,Morie Guerreru,5/16/2025
293,Sophi McKeller,5/2/2025
294,Zsazsa Forber,8/4/2025
295,Martie Trembley,6/20/2025
296,Corrianne Toplin,5/11/2025
297,Nissie Angeau,7/14/2025
298,Sonja Westcar,5/9/2025
299,Rowena Bartomieu,7/19/2025
300,Zorina Braunston,6/24/2025
301,Karole Elletson,6/12/2025
302,Yancy Northall,6/29/2025
303,Sigrid Hounsom,7/18/2025
304,Weston Picott,7/14/2025
305,Eugenia Cribbin,6/9/2025
306,Ailsun Wall,7/25/2025
307,Guinna Kowal,5/3/2025
308,Eilis Schwander,5/26/2025
309,Roda Flintoffe,6/27/2025
310,Hanny Stripp,5/23/2025
311,Maurizio Aireton,5/14/2025
312,Arnaldo Curzey,5/6/2025
313,Deane Mont,7/18/2025
314,Arch Finlator,5/20/2025
315,Olivette O' Donohoe,5/18/2025
316,Isidor Gerner,6/24/2025
317,Shel Peal,8/1/2025
318,Leonard Darkins,7/22/2025
319,Dedie Lemme,5/16/2025
320,Ambrose Risley,5/10/2025
321,Toddy Cosens,7/23/2025
322,Jessy Jefferson,5/5/2025
323,Chelsy Haestier,7/8/2025
324,Gustavus Anker,5/21/2025
325,Cosetta Booty,6/8/2025
326,Marcelo Bartoszewski,7/17/2025
327,Ulysses Zelley,7/30/2025
328,Anne Addionizio,7/16/2025
329,Buckie Rump,6/19/2025
330,Evyn Fancutt,5/15/2025
331,Tallia Gladdis,7/2/2025
332,Sherwin Ewells,5/12/2025
333,Dermot Bownas,5/12/2025
334,Peria Klasen,5/8/2025
335,Jolene Beveredge,7/5/2025
336,Lawton De la Yglesias,5/12/2025
337,Odelle Trowl,6/17/2025
338,Vladamir Bygreaves,7/9/2025
339,Angelika Ferreli,7/14/2025
340,Aindrea Gierhard,7/11/2025
341,Jenn Laible,7/26/2025
342,Dorey Kupker,6/8/2025
343,Mile Halwill,6/9/2025
344,Zahara Graysmark,6/12/2025
345,Mufinella Dowrey,5/14/2025
346,Maddalena Christoffels,7/11/2025
347,Calv Pealing,6/19/2025
348,Guinna Nowland,8/4/2025
349,Leland Josipovitz,5/14/2025
350,Ali Tapping,6/2/2025
351,Susan Van der Kruijs,6/24/2025
352,Dorene Maruska,6/5/2025
353,Kiley Metrick,7/12/2025
354,Bren Diprose,5/23/2025
355,Mercie Lahiff,6/3/2025
356,Clerc Heaselgrave,7/27/2025
357,Karyl Trounson,7/22/2025
358,Barnie Hammerson,7/16/2025
359,Polly Blakelock,8/2/2025
360,Lisette Rault,5/7/2025
361,Currey Tebald,6/5/2025
362,Nat Dunhill,6/29/2025
363,Sheilah Tarbett,6/26/2025
364,Geri Ingley,5/21/2025
365,Kimberli Geard,6/23/2025
366,Ransell Elkins,7/22/2025
367,Tedda Matushevich,6/12/2025
368,Agace Farenden,5/20/2025
369,Avril Shearman,5/18/2025
370,Jerrylee Dulinty,5/16/2025
371,Wylie Kitson,6/16/2025
372,Victoria Avann,6/26/2025
373,Orsola Merveille,5/22/2025
374,Hersh Bogey,6/3/2025
375,Maxy MacGilfoyle,6/24/2025
376,Stanfield Sotheron,5/30/2025
377,Daniele Pfertner,5/16/2025
378,Nady Ringwood,5/30/2025
379,Thor Kepp,5/2/2025
380,Edouard Pottes,5/18/2025
381,Sabina Vayro,6/3/2025
382,Ardelia Spillett,6/20/2025
383,Zaria Hillyatt,5/3/2025
384,Dolorita Arnason,6/18/2025
385,Dacy Roddick,6/11/2025
386,Chrissie Edbrooke,6/24/2025
387,Roze Ramirez,7/7/2025
388,Toddie Bowton,7/22/2025
389,Aileen Danne,5/12/2025
390,Aliza Rosindill,6/4/2025
391,Ronald Goodlet,6/8/2025
392,Kanya Pittson,5/22/2025
393,Malvin Foreman,5/19/2025
394,Lazar Sullens,7/20/2025
395,Tara Leffek,6/14/2025
396,Alwin Element,8/2/2025
397,Alena Franckton,5/14/2025
398,Godfree Macconaghy,5/20/2025
399,Carmelle Rielly,6/27/2025
400,Heywood Father,5/20/2025
401,Sharai Pinching,6/23/2025
402,Derick Bacop,6/13/2025
403,Katina Batten,5/22/2025
404,Phineas Lyddiard,7/21/2025
405,Tressa Drover,5/20/2025
406,Otho Sparkwell,5/13/2025
407,Bax Baggs,5/19/2025
408,Astrid Beaushaw,6/20/2025
409,Link Hardison,7/19/2025
410,Debby Vasnetsov,5/1/2025
411,Ilyssa O'Carrol,5/31/2025
412,Ferris Griss,5/1/2025
413,Sayre Toke,6/25/2025
414,Tamarah Birdseye,6/27/2025
415,Dalt Davson,6/20/2025
416,Milena Raeburn,7/6/2025
417,Pepito Favel,6/16/2025
418,Kev Melmeth,5/15/2025
419,Beitris Crosston,7/8/2025
420,Esmeralda McCloughlin,5/9/2025
421,Andre Gentery,7/1/2025
422,Dara Galey,7/13/2025
423,Brigitte Sussex,6/21/2025
424,Mureil Silley,6/25/2025
425,Mireielle Aery,5/28/2025
426,Robby Halfhyde,7/29/2025
427,Laurette Exon,7/25/2025
428,Alex Hanshawe,6/5/2025
429,Dorena Grigorkin,5/3/2025
430,Meade Bale,7/16/2025
431,Mollie Adami,7/24/2025
432,Eugenie Donovin,7/27/2025
433,Almire Dobel,5/23/2025
434,Antonetta Sare,7/13/2025
435,Neely Boss,6/22/2025
436,Serena Falls,6/24/2025
437,Ly Plumm,6/17/2025
438,Ernesta Springle,7/2/2025
439,Lionel Mayman,7/21/2025
440,Rubin Blore,7/4/2025
441,Melicent O'Neal,7/15/2025
442,Rees Allabarton,5/3/2025
443,Jelene Alvarez,7/11/2025
444,Bogey Wynes,6/22/2025
445,Dorree Gilhespy,6/24/2025
446,Dalli O'Moylan,7/26/2025
447,Alvinia Tassell,5/31/2025
448,Cesya Paik,5/9/2025
449,Hart Durant,7/29/2025
450,Rozamond O'Neal,7/3/2025
451,Cesar Gilhool,5/8/2025
452,Cheston Rue,6/23/2025
453,Shawnee Dronsfield,5/12/2025
454,Marijo Mackinder,6/20/2025
455,Earl Tuohy,6/16/2025
456,Andre Auty,7/7/2025
457,Fraser Bubb,6/18/2025
458,Cooper Cherry,7/23/2025
459,Barnie Howden,7/17/2025
460,Verney Weber,6/20/2025
461,Dante Lebell,6/1/2025
462,Lenka Kristof,6/12/2025
463,Caron Frane,7/29/2025
464,Vernon Wilcockes,5/22/2025
465,Karrie Frowd,6/12/2025
466,Karena Lepick,6/16/2025
467,Valencia Pallas,6/6/2025
468,Sharron Cains,5/16/2025
469,Pierce Faltin,6/6/2025
470,Ange Braben,5/3/2025
471,Kimberli Reinhardt,7/17/2025
472,James Dy,5/23/2025
473,Moore Morrel,7/28/2025
474,Kermy Tadd,7/1/2025
475,Chandal Meiklem,6/10/2025
476,Yolande Sainthill,6/21/2025
477,Onfroi Ragbourn,5/22/2025
478,Ray Novotne,6/24/2025
479,Raeann Eastridge,5/18/2025
480,Elvyn Dowsey,6/8/2025
481,Moise Casperri,6/20/2025
482,Maximilien Mayhew,5/2/2025
483,Kacy Matthaus,5/25/2025
484,Ive Kirkpatrick,5/17/2025
485,Kimberlyn Topliss,5/10/2025
486,Addi Hendrick,7/4/2025
487,Annadiane Linkin,5/27/2025
488,Kirby Houltham,7/16/2025
489,Rina Myrtle,7/13/2025
490,Nichole De Vaux,5/14/2025
491,Frazer Shardlow,5/8/2025
492,Tadeo Cornew,5/14/2025
493,Kania Dorward,7/13/2025
494,Rene Gravie,5/29/2025
495,Babb Curgenven,8/3/2025
496,Kathryne Beggio,5/20/2025
497,Dorie Dawidowitz,8/1/2025
498,Correy Shellshear,7/15/2025
499,Dario Revening,5/15/2025
500,Dunn Gillan,7/1/2025
501,Balduin Tinker,5/15/2025
502,Torrence Mersey,5/13/2025
503,Sarena Rafe,6/24/2025
504,Phillipp Bolduc,7/31/2025
505,Reinold Struys,6/25/2025
506,Rickert Pigeram,8/4/2025
507,Pepi Dudenie,6/3/2025
508,Cazzie Martinuzzi,6/29/2025
509,Urbanus Roggero,7/25/2025
510,Barr Liver,6/25/2025
511,Ralf Peyes,5/21/2025
512,Alfredo Letch,5/7/2025
513,Sancho DeSousa,6/5/2025
514,Benito Messer,7/22/2025
515,Nial Marsy,5/11/2025
516,Bryn Drew-Clifton,7/22/2025
517,Jonas O'Spellissey,6/25/2025
518,Dianna De Brett,7/26/2025
519,Ginni Purshouse,6/10/2025
520,Georges Tedahl,7/21/2025
521,Archy Libermore,6/5/2025
522,Humfried Squires,7/10/2025
523,Lorita Rattery,7/8/2025
524,Gretna Busher,5/24/2025
525,Corty Burrill,7/14/2025
526,Mella Duesberry,7/25/2025
527,Gustavo Bellefant,7/26/2025
528,Cherin Yeudall,6/17/2025
529,Katee Iorns,7/26/2025
530,Jayme Gange,6/16/2025
531,Marilee Askham,5/3/2025
532,Miner Powers,7/31/2025
533,Brigham Cowley,8/3/2025
534,Gray Verdie,5/19/2025
535,Cyndi Hartness,6/5/2025
536,Catlin Copnall,5/21/2025
537,Malinda Godfree,7/1/2025
538,Krissy Rodd,7/19/2025
539,Alison Sunderland,7/14/2025
540,Thurstan Shailer,7/6/2025
541,Ross Rodwell,6/23/2025
542,Erinna Ende,8/1/2025
543,Tobias Eatock,6/19/2025
544,Lorry Tubble,5/18/2025
545,Ashely Lapslie,6/7/2025
546,Emalia Scarse,6/15/2025
547,Cynthea Durrant,5/11/2025
548,Hadley Eric,6/3/2025
549,Gladi Rea,5/18/2025
550,Cletus Vice,7/7/2025
551,Rhodia Crumbie,5/3/2025
552,Desiri Stockall,5/3/2025
553,Orin Gehrts,5/20/2025
554,Karleen Bosson,6/29/2025
555,Karisa Roke,7/10/2025
556,Erasmus Gulk,6/30/2025
557,Lynn Oldknowe,5/12/2025
558,Valida Felstead,6/27/2025
559,Timi Paskerful,7/13/2025
560,Cati Aspland,6/25/2025
561,Read Whatford,7/25/2025
562,Harri Osburn,6/25/2025
563,Esther Dishmon,6/18/2025
564,Sheff Tregaskis,5/13/2025
565,Inga Roch,8/4/2025
566,Tory Agdahl,6/2/2025
567,Bee Gotling,5/14/2025
568,Calvin Mapston,7/26/2025
569,Lamont Satcher,8/4/2025
570,Amy Sparrowe,6/3/2025
571,Linea Dymick,5/22/2025
572,Hedwig Righy,6/17/2025
573,Westbrooke Mc Coughan,5/23/2025
574,Calli Stefi,7/23/2025
575,Dorri Myford,7/27/2025
576,Leisha Ribchester,7/23/2025
577,Brandyn Sibbe,5/29/2025
578,Cecil Russen,5/16/2025
579,Eben Valasek,6/11/2025
580,Kyle Ferraron,5/24/2025
581,Thomasine Antonik,5/11/2025
582,Percival Francklin,5/16/2025
583,Muire Palumbo,5/29/2025
584,Charlot Edmeades,5/25/2025
585,Roxanne Bimson,5/3/2025
586,Orelle Shears,7/31/2025
587,Adrien Knutton,5/15/2025
588,Demetris Le Fevre,5/14/2025
589,Baxie Rickasse,6/26/2025
590,Nonna Waller-Bridge,6/1/2025
591,Sloane Bearham,7/21/2025
592,Con Vokins,5/21/2025
593,Margot Sparham,7/22/2025
594,Margalit Fattore,5/25/2025
595,Portie Londing,7/19/2025
596,Fredric Trenchard,5/28/2025
597,Giacinta Spelsbury,5/15/2025
598,Kennett Du Plantier,5/18/2025
599,Friedrich Clashe,5/8/2025
600,Jamal Wolland,5/27/2025
601,Christye Jedraszczyk,5/6/2025
602,Binni Footitt,6/21/2025
603,Maximilian Rableau,6/24/2025
604,Hewie Klessmann,7/8/2025
605,Tobye Ewbach,5/25/2025
606,Papageno Muff,6/21/2025
607,Leonanie Tweedy,6/5/2025
608,Shela Dunstall,6/12/2025
609,Melisent Bockh,5/23/2025
610,Bartram Holtham,6/5/2025
611,Nady Lorentzen,6/21/2025
612,Benedetto Zaniolo,6/28/2025
613,Kiersten McPeice,5/11/2025
614,Worden Guess,5/17/2025
615,Thatcher Carlens,6/27/2025
616,Nicolais Greensitt,7/8/2025
617,Cindi Olivetta,7/5/2025
618,Cornie Poxton,5/20/2025
619,Orlan Qusklay,5/9/2025
620,Nil Lynthal,6/4/2025
621,Bobbette Wix,7/25/2025
622,Mannie Iannuzzelli,5/30/2025
623,Jarred Vyse,5/21/2025
624,Cinnamon Dabes,7/18/2025
625,Petr Hebden,7/13/2025
626,Gerladina Dentith,5/6/2025
627,Gabrila Hans,8/2/2025
628,Deb Chazotte,7/16/2025
629,Cam Brandrick,6/24/2025
630,Midge Wannop,6/8/2025
631,Trudey Haime,7/22/2025
632,Brittni Clendinning,6/22/2025
633,Bonni Kubera,8/1/2025
634,Regen Hannam,6/18/2025
635,Dalila Seegar,6/3/2025
636,Konrad Camerana,6/6/2025
637,Rafaellle Schroeder,5/10/2025
638,Myrwyn Smallshaw,5/26/2025
639,Jon Branscomb,7/5/2025
640,Geoff Pearse,5/2/2025
641,Cheryl Brewster,6/5/2025
642,Jeno Kelling,7/11/2025
643,Cammy Patesel,5/12/2025
644,Lucia Kenwood,5/28/2025
645,Sansone Mallabund,6/2/2025
646,Gerianne Tarver,8/3/2025
647,Robby Deveral,5/21/2025
648,Domini Bragginton,5/17/2025
649,Valenka Janes,7/28/2025
650,Alayne Kryszkiecicz,5/6/2025
651,Dorie Giblin,7/12/2025
652,Somerset Chipchase,6/19/2025
653,Ogden Pachta,5/3/2025
654,Hadlee Osgar,5/20/2025
655,Ulrikaumeko Leighfield,7/25/2025
656,Lettie Lyne,7/15/2025
657,Brad Hintzer,6/27/2025
658,Mart Jewer,5/21/2025
659,Maurizio Pawelke,5/21/2025
660,Mikol Luttgert,7/9/2025
661,Quinton Piff,5/1/2025
662,Demott Overstone,7/15/2025
663,Leonhard Bandt,7/31/2025
664,Bernetta Boreland,6/24/2025
665,Agnes Stollenhof,5/14/2025
666,Iona Blinckhorne,7/16/2025
667,Beverley Gudd,7/14/2025
668,Ursa Willingam,8/3/2025
669,Manon Rowell,6/4/2025
670,Norene Handasyde,5/23/2025
671,Yancey Keynd,7/3/2025
672,Chic Place,6/15/2025
673,Kit Farriar,7/6/2025
674,Claudette Burress,7/25/2025
675,Viv Haggeth,5/19/2025
676,Elvin Clendinning,6/16/2025
677,Gabrielle Dawdry,5/10/2025
678,Filip Spier,7/7/2025
679,Jenica Allden,6/11/2025
680,Brittney Dudlestone,5/4/2025
681,Ola Jain,5/11/2025
682,Stefania Berrycloth,7/25/2025
683,Ringo Roddell,5/24/2025
684,Bronnie Beeze,5/23/2025
685,Mimi Hillin,8/4/2025
686,Kingsly Farloe,5/12/2025
687,Adorne Ccomini,5/10/2025
688,Trenton Laird-Craig,7/16/2025
689,Valene Romain,7/30/2025
690,Ronni Marquand,6/10/2025
691,Cesare McNirlin,6/5/2025
692,Ermanno Lindsley,6/1/2025
693,Jo Litchfield,5/23/2025
694,Nana Conway,6/9/2025
695,Malory Kanzler,6/9/2025
696,Tansy Glanester,5/12/2025
697,Anabella Muller,6/22/2025
698,Hardy Seabon,6/12/2025
699,Roth De Stoop,5/6/2025
700,Laverna Derrington,7/27/2025
701,Bondie Common,5/19/2025
702,Violante Harsant,6/10/2025
703,Ambrosi Hurndall,6/1/2025
704,Cassey Twine,6/29/2025
705,Janel Peskin,5/6/2025
706,Tobie Stutely,6/3/2025
707,Elberta Teape,5/30/2025
708,Jasmine Barnshaw,5/14/2025
709,Lemmy Eslinger,6/14/2025
710,Lorene Hubbocks,7/8/2025
711,Conrado Tchaikovsky,6/21/2025
712,Anatola Webburn,7/15/2025
713,Abby Stoner,7/16/2025
714,Bunnie Nutten,7/6/2025
715,Corny Boller,7/19/2025
716,Ced Bullene,6/12/2025
717,Randolf Berisford,7/6/2025
718,Danice Allaker,5/18/2025
719,Edythe Wick,7/31/2025
720,Abbie Vivyan,7/21/2025
721,Florina Wigg,6/19/2025
722,Dennis Hissett,5/29/2025
723,Claiborne Quarrington,6/9/2025
724,Benedicto Cossor,5/28/2025
725,Neron Tarte,6/17/2025
726,Pam Correa,7/1/2025
727,Pauly Sandyford,5/23/2025
728,Torre Havard,7/1/2025
729,Milli Zappel,6/10/2025
730,Dalia Zanetto,5/28/2025
731,Gale Colhoun,6/25/2025
732,Englebert O'Kinneally,8/2/2025
733,Yorgo Warters,6/28/2025
734,Flss Capell,5/5/2025
735,Reinaldos Sneller,7/31/2025
736,Alejandrina Pattle,7/28/2025
737,Taddeusz Vigneron,6/23/2025
738,Antony Atwood,6/29/2025
739,Britt Smallacombe,7/5/2025
740,Freddy Ericsson,7/9/2025
741,Ella Prickett,6/22/2025
742,Eldredge Osipov,6/1/2025
743,Doralin Dunphy,6/16/2025
744,Maxy Collen,5/20/2025
745,Glyn Hazel,8/2/2025
746,Penelope Clelle,5/20/2025
747,Fairfax Critchard,6/11/2025
748,Reena Kennsley,6/3/2025
749,Margareta Larmet,5/16/2025
750,Karim Kmicicki,7/7/2025
751,Stevy Jinda,8/1/2025
752,Pip Chaundy,7/27/2025
753,Lynnea Yeowell,6/2/2025
754,Rorke Worling,6/9/2025
755,Minda Lynthal,6/29/2025
756,Antonietta Tunkin,6/19/2025
757,Katusha Cosgriff,6/26/2025
758,Buiron Purcell,6/29/2025
759,Catharine Cordeau],7/17/2025
760,Jordon Hosten,6/26/2025
761,Aime McVey,8/2/2025
762,Boot Delve,5/1/2025
763,Garreth Samwyse,6/9/2025
764,Moritz Terrey,5/29/2025
765,Nanci Ralfe,5/16/2025
766,Rosa Dyne,7/20/2025
767,Earl Sutty,7/8/2025
768,Donny Cunrado,6/11/2025
769,Alfi Wenham,5/9/2025
770,Shanda Phillott,6/22/2025
771,Allene Enstone,7/11/2025
772,Trixy Lount,7/14/2025
773,Vance Noton,6/27/2025
774,Vonnie McClenaghan,6/13/2025
775,Major Lauder,5/24/2025
776,Meagan Diggin,7/15/2025
777,Gavrielle Hugnin,6/21/2025
778,Cassandre Vallis,7/31/2025
779,Tracie Purvey,8/3/2025
780,Staffard Franzolini,5/26/2025
781,Dollie Cosby,6/27/2025
782,Marga Pattillo,7/7/2025
783,Eimile Weepers,7/17/2025
784,Melinda Fernanando,6/9/2025
785,Marcelle Molan,5/10/2025
786,Leonie Hrachovec,7/21/2025
787,Anne-corinne Ettritch,7/26/2025
788,Ardelle Connachan,5/8/2025
789,Hilary Postle,7/12/2025
790,Andreana Wyett,6/21/2025
791,Lorne Ambrogioli,6/9/2025
792,Fleurette Edwardson,6/1/2025
793,Pat Jess,8/1/2025
794,Isobel Nellies,6/20/2025
795,Gayleen Fillery,6/5/2025
796,Andras Pilmore,5/26/2025
797,Tamqrah Moline,7/15/2025
798,Georgianna St Ledger,6/24/2025
799,Sherie O'Halleghane,5/24/2025
800,Shoshanna Wyer,5/28/2025
801,Cyndia Hearnes,5/13/2025
802,Cathy Ellingham,5/24/2025
803,Codie Santino,6/2/2025
804,Harrietta Thorsby,5/27/2025
805,Sibeal Jarred,7/25/2025
806,Virgie Mulrean,5/2/2025
807,Bathsheba Craiker,5/19/2025
808,Peyton Poyle,6/28/2025
809,Alysia Baldock,6/20/2025
810,Carolin Lindbergh,5/14/2025
811,Heall Albutt,5/10/2025
812,Phyllida Bellhouse,6/7/2025
813,Karleen Kelloch,7/17/2025
814,Celka Grzeskowski,7/11/2025
815,Kacey Bannon,7/28/2025
816,Ina Sinncock,7/3/2025
817,Birch Galbreth,7/31/2025
818,Leighton Moyer,6/29/2025
819,Martguerita Anniwell,8/4/2025
820,Daisey Townrow,5/19/2025
821,Celinda Jumont,6/22/2025
822,Gian Korn,6/13/2025
823,Gris Presman,7/15/2025
824,Conn Dey,7/11/2025
825,Fletcher Voce,7/20/2025
826,Prisca Wimpress,5/25/2025
827,Alard Savery,5/22/2025
828,Arlen Flescher,7/12/2025
829,Star Trawin,6/10/2025
830,Leisha Munnis,5/21/2025
831,Aurelea Yurshev,5/31/2025
832,Randal Potteridge,5/23/2025
833,Margarita Begent,5/26/2025
834,Patrice Essberger,7/13/2025
835,Biddy Tutin,5/14/2025
836,Juli Loy,6/4/2025
837,Grace Kleisle,6/20/2025
838,Vivian Neilan,6/4/2025
839,Jada Sheehy,5/31/2025
840,Amber Macewan,5/16/2025
841,Perl McPherson,7/16/2025
842,Lisa Callacher,7/26/2025
843,Daffie Jarad,7/20/2025
844,April Cawsby,7/12/2025
845,Anthe Giscken,7/18/2025
846,Nance Amoore,6/23/2025
847,Iseabal Braddon,7/22/2025
848,Konrad Hrinishin,7/15/2025
849,Hurleigh Bradbury,7/17/2025
850,Ashlee Rentz,7/20/2025
851,Kamillah Bison,5/26/2025
852,Sandy Pittson,7/13/2025
853,Jorey Dunsleve,5/21/2025
854,Rosabelle Fearns,7/13/2025
855,Jamie Grombridge,5/28/2025
856,Tiena Domange,7/15/2025
857,Oona Eveling,5/13/2025
858,Raychel Klemmt,5/19/2025
859,Adair Moakler,6/17/2025
860,Lena Vondracek,6/10/2025
861,Kort Rosier,8/3/2025
862,Ruthy Dable,6/6/2025
863,Costanza Norsworthy,7/8/2025
864,Lisbeth Howton,5/23/2025
865,Gualterio Neild,6/6/2025
866,Maisie Bortolozzi,6/8/2025
867,Retha Townend,6/29/2025
868,Laughton Syratt,7/10/2025
869,Malina Sheal,5/17/2025
870,Ola Chiles,7/11/2025
871,Luther Kleinsmuntz,6/9/2025
872,Sydel Eustes,7/13/2025
873,Zebadiah Sarson,5/2/2025
874,Valentina Summerlie,7/28/2025
875,Shanon Murgatroyd,5/15/2025
876,Karly Baily,7/26/2025
877,Wells Grennan,5/18/2025
878,Alison O'Dunneen,6/22/2025
879,Nels Kliement,5/17/2025
880,Teddie Ferrone,8/2/2025
881,Ardyce Merredy,5/13/2025
882,Oswald Clougher,6/3/2025
883,Neill Nipper,7/31/2025
884,Ethel Broome,5/13/2025
885,Olav Eyree,6/20/2025
886,Viviana Logsdail,5/19/2025
887,Bordy Mc Curlye,5/27/2025
888,Kennie D'Angeli,5/26/2025
889,Sheelagh Kellog,6/26/2025
890,Courtnay Coneley,5/20/2025
891,Audrey Lowres,5/12/2025
892,Joellen Bundy,7/21/2025
893,Johnna Diggell,6/24/2025
894,Rochette Darnborough,7/5/2025
895,Nicole Laite,5/11/2025
896,Lothaire Tibalt,6/10/2025
897,Brody Sysland,7/25/2025
898,Kane Rable,6/13/2025
899,Hobey Emsden,6/30/2025
900,Sanders Lindwall,5/1/2025
901,Yule Diable,6/19/2025
902,Cinnamon Restall,7/3/2025
903,Myer Jirsa,5/19/2025
904,Ambrosius Cristoferi,5/12/2025
905,Cyrillus Guille,7/30/2025
906,Kerr Freund,5/31/2025
907,Ketty Matys,7/9/2025
908,Constance Burel,7/18/2025
909,Di Hembrow,5/26/2025
910,Ogdon De Fraine,6/15/2025
911,Neale O'Dowgaine,8/2/2025
912,Ian Derell,5/31/2025
913,Iago Jahnel,6/28/2025
914,Borden Crowe,6/9/2025
915,Elroy Hutchence,6/24/2025
916,Tiff McKim,6/19/2025
917,Kendricks Juszczyk,6/19/2025
918,Fanni Mays,7/3/2025
919,Fidel Gofforth,7/17/2025
920,Nissie Schouthede,6/21/2025
921,Dredi Graal,7/26/2025
922,Penrod Bradder,8/2/2025
923,Trixy O'Kynsillaghe,5/8/2025
924,Tana Hawk,6/26/2025
925,Dru Fenelow,5/22/2025
926,Florance McNutt,6/5/2025
927,Galvin Harses,7/24/2025
928,Claudio Titchener,6/13/2025
929,Marja Baurerich,5/21/2025
930,Prentiss Warmisham,6/7/2025
931,Berti Josefsohn,7/3/2025
932,Guenevere Lagen,5/28/2025
933,Valentine Sturrock,7/3/2025
934,Tobi Durdle,6/16/2025
935,Rory Bambery,6/13/2025
936,Carolin Paynter,5/24/2025
937,Morry Fosberry,5/1/2025
938,Dominick Samsonsen,8/2/2025
939,Hyacinthia Darrell,7/31/2025
940,Tod Richichi,6/21/2025
941,Dolley Yeandel,5/4/2025
942,Elsi Treneer,6/20/2025
943,Hewet McQuaide,7/12/2025
944,Terri Fedorski,6/28/2025
945,Aida Purselow,5/29/2025
946,Fernando Colbron,5/7/2025
947,Ab Babbe,5/9/2025
948,Kennie Crane,6/25/2025
949,Giacobo Grzelczak,6/26/2025
950,Gene Hawyes,6/5/2025
951,Hernando Cuniam,5/14/2025
952,Birk Shitliffe,5/25/2025
953,Filippa Hunter,5/26/2025
954,Dudley McAlester,6/28/2025
955,Shel Hibling,5/1/2025
956,Wanda Baroc,7/29/2025
957,Danita Fullstone,7/13/2025
958,Yolanda Gladstone,5/4/2025
959,Kent Willment,5/5/2025
960,Austine Bethell,7/25/2025
961,Barth Connew,6/28/2025
962,Darleen Rolfs,5/14/2025
963,Eda McLardie,6/28/2025
964,Berne Noblet,6/7/2025
965,Angele Evett,7/8/2025
966,Gorden Hanvey,5/4/2025
967,Elena Mundy,7/4/2025
968,Cleveland Riglesford,6/3/2025
969,Dolorita Bohey,6/26/2025
970,Ynes Bartoszewicz,5/24/2025
971,Emili Helm,7/20/2025
972,Bevan O'Cannan,6/21/2025
973,Arther Barus,6/13/2025
974,Laraine Roggero,6/14/2025
975,Waite Kiggel,5/30/2025
976,Zena Wilcocks,7/31/2025
977,Scotti Hiscoke,7/29/2025
978,Lionel Wolseley,5/31/2025
979,Linet Haitlie,5/24/2025
980,Iain Langthorne,8/4/2025
981,Earvin Langeley,5/2/2025
982,Gretchen Schieferstein,7/18/2025
983,Robinet Veltman,7/31/2025
984,Carlyle Blanch,5/21/2025
985,Meryl McGeachy,6/6/2025
986,Heall Mensler,7/28/2025
987,Rianon Coneron,7/10/2025
988,Umberto Adanez,6/12/2025
989,Sebastiano Stellino,5/27/2025
990,Caritta Simon,5/16/2025
991,Julissa Towers,6/24/2025
992,Libby Agett,7/27/2025
993,Ricca Wittrington,6/25/2025
994,Alena O' Kelleher,5/3/2025
995,Philippine Cockerell,6/11/2025
996,Donny Gemnett,7/6/2025
997,Maynard Mushett,6/10/2025
998,Elspeth Joska,6/13/2025
999,Leonid Wastie,5/9/2025
1000,Solomon Rivard,7/14/2025
